{
    "now": "2021-10-27T11:41:04.773Z",
    "perfNow": 23207453.8,
    "diagnosticCorrelation": "83f5a551-b464-4f0e-8112-f71432835af8",
    "source": "DownloadSupportFiles",
    "environment": {
        "productName": "a365",
        "buildVersion": "21.1017.02",
        "environmentType": 9,
        "resourceName": "asaworkspacegdh3laj",
        "resourceRegion": "northeurope",
        "resourceGroup": "data-engineering-synapse-gdh3laj",
        "subscriptionId": "cf2ce26d-e2be-4162-99c1-191a03a4639f",
        "sessionId": "f51EK",
        "operationId": "B0fGT",
        "gitType": "live"
    },
    "additionalInfo": {
        "selectedResource": "asal400_lab2_writecampaignanalyticstoasa",
        "selectedResourceType": "dataflow"
    }
}