{
    "now": "2021-10-27T11:38:00.009Z",
    "perfNow": 23022690.7,
    "diagnosticCorrelation": "0f26ae6c-bb9e-4584-8d8d-2431b7728a7f",
    "source": "DownloadSupportFiles",
    "environment": {
        "productName": "a365",
        "buildVersion": "21.1017.02",
        "environmentType": 9,
        "resourceName": "asaworkspacegdh3laj",
        "resourceRegion": "northeurope",
        "resourceGroup": "data-engineering-synapse-gdh3laj",
        "subscriptionId": "cf2ce26d-e2be-4162-99c1-191a03a4639f",
        "sessionId": "f51EK",
        "operationId": "B0fGT",
        "gitType": "live"
    },
    "additionalInfo": {
        "selectedResource": "write_user_profile_to_asa",
        "selectedResourceType": "dataflow"
    }
}