{
    "name": "write_user_profile_to_asa",
    "properties": {
        "type": "MappingDataFlow",
        "typeProperties": {
            "sources": [
                {
                    "dataset": {
                        "referenceName": "asal400_ecommerce_userprofiles_source",
                        "type": "DatasetReference"
                    },
                    "name": "EcommerceUserProfiles"
                },
                {
                    "dataset": {
                        "referenceName": "asal400_customerprofile_cosmosdb",
                        "type": "DatasetReference"
                    },
                    "name": "UserProfiles"
                }
            ],
            "sinks": [
                {
                    "dataset": {
                        "referenceName": "asal400_wwi_usertopproductpurchases_asa",
                        "type": "DatasetReference"
                    },
                    "name": "UserTopProductPurchasesASA"
                },
                {
                    "linkedService": {
                        "referenceName": "asaworkspacegdh3laj-WorkspaceDefaultStorage",
                        "type": "LinkedServiceReference"
                    },
                    "name": "DataLake"
                }
            ],
            "transformations": [
                {
                    "name": "userId"
                },
                {
                    "name": "UserTopProducts"
                },
                {
                    "name": "DeriveProductColumns"
                },
                {
                    "name": "UserPreferredProducts"
                },
                {
                    "name": "JoinTopProductsWithPreferredProducts"
                },
                {
                    "name": "DerivedColumnsForMerge"
                },
                {
                    "name": "Filter1"
                }
            ],
            "script": "source(output(\n\t\tvisitorId as string,\n\t\ttopProductPurchases as (productId as string, itemsPurchasedLast12Months as string)[]\n\t),\n\tallowSchemaDrift: true,\n\tvalidateSchema: false,\n\tignoreNoFilesFound: false,\n\tdocumentForm: 'arrayOfDocuments',\n\twildcardPaths:['online-user-profiles-02/*.json']) ~> EcommerceUserProfiles\nsource(output(\n\t\tuserId as integer,\n\t\tcartId as string,\n\t\tpreferredProducts as integer[],\n\t\tproductReviews as (productId as integer, reviewText as string, reviewDate as string)[]\n\t),\n\tallowSchemaDrift: true,\n\tvalidateSchema: false,\n\tformat: 'document') ~> UserProfiles\nEcommerceUserProfiles derive(visitorId = toInteger(visitorId)) ~> userId\nuserId foldDown(unroll(topProductPurchases),\n\tmapColumn(\n\t\tvisitorId,\n\t\tproductId = topProductPurchases.productId,\n\t\titemsPurchasedLast12Months = topProductPurchases.itemsPurchasedLast12Months\n\t),\n\tskipDuplicateMapInputs: false,\n\tskipDuplicateMapOutputs: false) ~> UserTopProducts\nUserTopProducts derive(productId = toInteger(productId),\n\t\titemsPurchasedLast12Months = toInteger(itemsPurchasedLast12Months)) ~> DeriveProductColumns\nUserProfiles foldDown(unroll(preferredProducts),\n\tmapColumn(\n\t\tuserId,\n\t\tpreferredProductId = preferredProducts\n\t),\n\tskipDuplicateMapInputs: false,\n\tskipDuplicateMapOutputs: false) ~> UserPreferredProducts\nDeriveProductColumns, UserPreferredProducts join(visitorId == userId,\n\tjoinType:'outer',\n\tpartitionBy('hash', 2,\n\t\tproductId\n\t),\n\tbroadcast: 'left')~> JoinTopProductsWithPreferredProducts\nJoinTopProductsWithPreferredProducts derive(isTopProduct = toBoolean(iif(isNull(productId), 'false', 'true')),\n\t\tisPreferredProduct = toBoolean(iif(isNull(preferredProductId), 'false', 'true')),\n\t\tproductId = iif(isNull(productId), preferredProductId, productId),\n\t\tuserId = iif(isNull(userId), visitorId, userId)) ~> DerivedColumnsForMerge\nDerivedColumnsForMerge filter(!isNull(productId)) ~> Filter1\nFilter1 sink(allowSchemaDrift: true,\n\tvalidateSchema: false,\n\tinput(\n\t\tUserId as integer,\n\t\tProductId as integer,\n\t\tItemsPurchasedLast12Months as integer,\n\t\tIsTopProduct as boolean,\n\t\tIsPreferredProduct as boolean\n\t),\n\tdeletable:false,\n\tinsertable:true,\n\tupdateable:false,\n\tupsertable:false,\n\ttruncate:true,\n\tformat: 'table',\n\tstaged: true,\n\tallowCopyCommand: true,\n\tskipDuplicateMapInputs: true,\n\tskipDuplicateMapOutputs: true,\n\terrorHandlingOption: 'stopOnFirstError',\n\tmapColumn(\n\t\tUserId = userId,\n\t\tProductId = productId,\n\t\tItemsPurchasedLast12Months = itemsPurchasedLast12Months,\n\t\tIsTopProduct = isTopProduct,\n\t\tIsPreferredProduct = isPreferredProduct\n\t)) ~> UserTopProductPurchasesASA\nFilter1 sink(allowSchemaDrift: true,\n\tvalidateSchema: false,\n\tformat: 'delta',\n\tcompressionType: 'snappy',\n\tcompressionLevel: 'Fastest',\n\tfileSystem: 'wwi-02',\n\tfolderPath: 'top-products',\n\ttruncate:true,\n\tmergeSchema: false,\n\tautoCompact: false,\n\toptimizedWrite: false,\n\tvacuum: 0,\n\tdeletable:false,\n\tinsertable:true,\n\tupdateable:false,\n\tupsertable:false,\n\tumask: 0022,\n\tpreCommands: [],\n\tpostCommands: [],\n\tskipDuplicateMapInputs: true,\n\tskipDuplicateMapOutputs: true,\n\tmapColumn(\n\t\tvisitorId,\n\t\tproductId,\n\t\titemsPurchasedLast12Months,\n\t\tuserId,\n\t\tpreferredProductId,\n\t\tisTopProduct,\n\t\tisPreferredProduct\n\t)) ~> DataLake"
        }
    }
}