{
    "name": "sqlpool01",
    "type": "Microsoft.Synapse/workspaces/linkedservices",
    "properties": {
        "annotations": [],
        "type": "AzureSqlDW",
        "typeProperties": {
            "connectionString": "Integrated Security=False;Encrypt=True;Connection Timeout=30;Data Source=asaworkspacegdh3laj.sql.azuresynapse.net;Initial Catalog=SQLPool01;User ID=asa.sql.admin",
            "password": {
                "type": "AzureKeyVaultSecret",
                "store": {
                    "referenceName": "asakeyvaultgdh3laj",
                    "type": "LinkedServiceReference"
                },
                "secretName": "SQL-USER-ASA"
            }
        }
    }
}